Skills,Role
"HTML, CSS, JavaScript, React, Node.js, Web Development, Git",Web Developer
"Python, SQL, Tableau, Excel, PowerBI, Data Analysis, Communication",Data Analyst
"Linux, AWS, Docker, Kubernetes, CI/CD, Jenkins, Shell Scripting",DevOps Engineer
"Python, Deep Learning, NLP, TensorFlow, Computer Vision, PyTorch",AI/ML Engineer
"Linux, AWS, Docker, Kubernetes, CI/CD, Jenkins, Shell Scripting",DevOps Engineer
"Linux, AWS, Docker, Kubernetes, CI/CD, Jenkins, Shell Scripting",DevOps Engineer
"HTML, CSS, Bootstrap, JavaScript, Vue.js, UI/UX Design",Frontend Developer
"Linux, AWS, Docker, Kubernetes, CI/CD, Jenkins, Shell Scripting",DevOps Engineer
"Java, Kotlin, Android Studio, Mobile App Development, Firebase",Mobile App Developer
"Python, SQL, Machine Learning, Data Visualization, Statistics, Pandas",Data Scientist
"Cybersecurity, Networking, Ethical Hacking, Firewall, Linux, Wireshark",Cybersecurity Analyst
"Linux, AWS, Docker, Kubernetes, CI/CD, Jenkins, Shell Scripting",DevOps Engineer
"SQL, Excel, Data Warehousing, ETL, Python, Dashboarding",Data Engineer
"Linux, AWS, Docker, Kubernetes, CI/CD, Jenkins, Shell Scripting",DevOps Engineer
"HTML, CSS, JavaScript, React, Node.js, Web Development, Git",Web Developer
"Java, Kotlin, Android Studio, Mobile App Development, Firebase",Mobile App Developer
"Python, Deep Learning, NLP, TensorFlow, Computer Vision, PyTorch",AI/ML Engineer
"Python, SQL, Machine Learning, Data Visualization, Statistics, Pandas",Data Scientist
"SQL, Excel, Data Warehousing, ETL, Python, Dashboarding",Data Engineer
"Java, Kotlin, Android Studio, Mobile App Development, Firebase",Mobile App Developer
"Python, SQL, Machine Learning, Data Visualization, Statistics, Pandas",Data Scientist
"HTML, CSS, JavaScript, React, Node.js, Web Development, Git",Web Developer
"Python, SQL, Machine Learning, Data Visualization, Statistics, Pandas",Data Scientist
"SQL, Excel, Data Warehousing, ETL, Python, Dashboarding",Data Engineer
"SQL, Excel, Data Warehousing, ETL, Python, Dashboarding",Data Engineer
"HTML, CSS, JavaScript, React, Node.js, Web Development, Git",Web Developer
"HTML, CSS, Bootstrap, JavaScript, Vue.js, UI/UX Design",Frontend Developer
"HTML, CSS, JavaScript, React, Node.js, Web Development, Git",Web Developer
"HTML, CSS, JavaScript, React, Node.js, Web Development, Git",Web Developer
"Linux, AWS, Docker, Kubernetes, CI/CD, Jenkins, Shell Scripting",DevOps Engineer
"Python, Deep Learning, NLP, TensorFlow, Computer Vision, PyTorch",AI/ML Engineer
"SQL, Excel, Data Warehousing, ETL, Python, Dashboarding",Data Engineer
"Python, SQL, Machine Learning, Data Visualization, Statistics, Pandas",Data Scientist
"Python, SQL, Tableau, Excel, PowerBI, Data Analysis, Communication",Data Analyst
"Java, Spring Boot, Microservices, SQL, Docker, AWS, Git",Backend Engineer
"Python, SQL, Tableau, Excel, PowerBI, Data Analysis, Communication",Data Analyst
"Cybersecurity, Networking, Ethical Hacking, Firewall, Linux, Wireshark",Cybersecurity Analyst
"Python, SQL, Machine Learning, Data Visualization, Statistics, Pandas",Data Scientist
"Cybersecurity, Networking, Ethical Hacking, Firewall, Linux, Wireshark",Cybersecurity Analyst
"Python, SQL, Tableau, Excel, PowerBI, Data Analysis, Communication",Data Analyst
"Linux, AWS, Docker, Kubernetes, CI/CD, Jenkins, Shell Scripting",DevOps Engineer
"Python, SQL, Tableau, Excel, PowerBI, Data Analysis, Communication",Data Analyst
"Python, Deep Learning, NLP, TensorFlow, Computer Vision, PyTorch",AI/ML Engineer
"Python, Deep Learning, NLP, TensorFlow, Computer Vision, PyTorch",AI/ML Engineer
"Python, SQL, Tableau, Excel, PowerBI, Data Analysis, Communication",Data Analyst
"HTML, CSS, Bootstrap, JavaScript, Vue.js, UI/UX Design",Frontend Developer
"Python, SQL, Machine Learning, Data Visualization, Statistics, Pandas",Data Scientist
"HTML, CSS, JavaScript, React, Node.js, Web Development, Git",Web Developer
"Python, Deep Learning, NLP, TensorFlow, Computer Vision, PyTorch",AI/ML Engineer
"Java, Spring Boot, Microservices, SQL, Docker, AWS, Git",Backend Engineer
"Java, Spring Boot, Microservices, SQL, Docker, AWS, Git",Backend Engineer
"Java, Spring Boot, Microservices, SQL, Docker, AWS, Git",Backend Engineer
"HTML, CSS, JavaScript, React, Node.js, Web Development, Git",Web Developer
"Python, SQL, Machine Learning, Data Visualization, Statistics, Pandas",Data Scientist
"Python, SQL, Tableau, Excel, PowerBI, Data Analysis, Communication",Data Analyst
"Python, Deep Learning, NLP, TensorFlow, Computer Vision, PyTorch",AI/ML Engineer
"Java, Kotlin, Android Studio, Mobile App Development, Firebase",Mobile App Developer
"Java, Kotlin, Android Studio, Mobile App Development, Firebase",Mobile App Developer
"Linux, AWS, Docker, Kubernetes, CI/CD, Jenkins, Shell Scripting",DevOps Engineer
"Java, Kotlin, Android Studio, Mobile App Development, Firebase",Mobile App Developer
"Linux, AWS, Docker, Kubernetes, CI/CD, Jenkins, Shell Scripting",DevOps Engineer
"Java, Spring Boot, Microservices, SQL, Docker, AWS, Git",Backend Engineer
"Python, SQL, Tableau, Excel, PowerBI, Data Analysis, Communication",Data Analyst
"Python, SQL, Tableau, Excel, PowerBI, Data Analysis, Communication",Data Analyst
"Cybersecurity, Networking, Ethical Hacking, Firewall, Linux, Wireshark",Cybersecurity Analyst
"Cybersecurity, Networking, Ethical Hacking, Firewall, Linux, Wireshark",Cybersecurity Analyst
"HTML, CSS, JavaScript, React, Node.js, Web Development, Git",Web Developer
"SQL, Excel, Data Warehousing, ETL, Python, Dashboarding",Data Engineer
"Java, Kotlin, Android Studio, Mobile App Development, Firebase",Mobile App Developer
"HTML, CSS, JavaScript, React, Node.js, Web Development, Git",Web Developer
"Java, Spring Boot, Microservices, SQL, Docker, AWS, Git",Backend Engineer
"HTML, CSS, JavaScript, React, Node.js, Web Development, Git",Web Developer
"HTML, CSS, Bootstrap, JavaScript, Vue.js, UI/UX Design",Frontend Developer
"Python, SQL, Machine Learning, Data Visualization, Statistics, Pandas",Data Scientist
"HTML, CSS, Bootstrap, JavaScript, Vue.js, UI/UX Design",Frontend Developer
"Linux, AWS, Docker, Kubernetes, CI/CD, Jenkins, Shell Scripting",DevOps Engineer
"Java, Kotlin, Android Studio, Mobile App Development, Firebase",Mobile App Developer
"Cybersecurity, Networking, Ethical Hacking, Firewall, Linux, Wireshark",Cybersecurity Analyst
"Python, Deep Learning, NLP, TensorFlow, Computer Vision, PyTorch",AI/ML Engineer
"Python, Deep Learning, NLP, TensorFlow, Computer Vision, PyTorch",AI/ML Engineer
"Linux, AWS, Docker, Kubernetes, CI/CD, Jenkins, Shell Scripting",DevOps Engineer
"Java, Spring Boot, Microservices, SQL, Docker, AWS, Git",Backend Engineer
"HTML, CSS, Bootstrap, JavaScript, Vue.js, UI/UX Design",Frontend Developer
"Java, Spring Boot, Microservices, SQL, Docker, AWS, Git",Backend Engineer
"HTML, CSS, JavaScript, React, Node.js, Web Development, Git",Web Developer
"Python, SQL, Machine Learning, Data Visualization, Statistics, Pandas",Data Scientist
"Python, SQL, Machine Learning, Data Visualization, Statistics, Pandas",Data Scientist
"Linux, AWS, Docker, Kubernetes, CI/CD, Jenkins, Shell Scripting",DevOps Engineer
"Java, Spring Boot, Microservices, SQL, Docker, AWS, Git",Backend Engineer
"Java, Kotlin, Android Studio, Mobile App Development, Firebase",Mobile App Developer
"HTML, CSS, JavaScript, React, Node.js, Web Development, Git",Web Developer
"Java, Spring Boot, Microservices, SQL, Docker, AWS, Git",Backend Engineer
"Java, Spring Boot, Microservices, SQL, Docker, AWS, Git",Backend Engineer
"Linux, AWS, Docker, Kubernetes, CI/CD, Jenkins, Shell Scripting",DevOps Engineer
"HTML, CSS, JavaScript, React, Node.js, Web Development, Git",Web Developer
"HTML, CSS, Bootstrap, JavaScript, Vue.js, UI/UX Design",Frontend Developer
"SQL, Excel, Data Warehousing, ETL, Python, Dashboarding",Data Engineer
"Python, Deep Learning, NLP, TensorFlow, Computer Vision, PyTorch",AI/ML Engineer
"Java, Kotlin, Android Studio, Mobile App Development, Firebase",Mobile App Developer
"Python, Deep Learning, NLP, TensorFlow, Computer Vision, PyTorch",AI/ML Engineer
"Cybersecurity, Networking, Ethical Hacking, Firewall, Linux, Wireshark",Cybersecurity Analyst
"Python, SQL, Tableau, Excel, PowerBI, Data Analysis, Communication",Data Analyst
"Cybersecurity, Networking, Ethical Hacking, Firewall, Linux, Wireshark",Cybersecurity Analyst
"Java, Spring Boot, Microservices, SQL, Docker, AWS, Git",Backend Engineer
"Java, Spring Boot, Microservices, SQL, Docker, AWS, Git",Backend Engineer
"SQL, Excel, Data Warehousing, ETL, Python, Dashboarding",Data Engineer
"HTML, CSS, JavaScript, React, Node.js, Web Development, Git",Web Developer
"Cybersecurity, Networking, Ethical Hacking, Firewall, Linux, Wireshark",Cybersecurity Analyst
"HTML, CSS, JavaScript, React, Node.js, Web Development, Git",Web Developer
"Java, Spring Boot, Microservices, SQL, Docker, AWS, Git",Backend Engineer
"HTML, CSS, Bootstrap, JavaScript, Vue.js, UI/UX Design",Frontend Developer
"Python, SQL, Tableau, Excel, PowerBI, Data Analysis, Communication",Data Analyst
"Python, Deep Learning, NLP, TensorFlow, Computer Vision, PyTorch",AI/ML Engineer
"Python, Deep Learning, NLP, TensorFlow, Computer Vision, PyTorch",AI/ML Engineer
"Linux, AWS, Docker, Kubernetes, CI/CD, Jenkins, Shell Scripting",DevOps Engineer
"HTML, CSS, JavaScript, React, Node.js, Web Development, Git",Web Developer
"HTML, CSS, Bootstrap, JavaScript, Vue.js, UI/UX Design",Frontend Developer
"HTML, CSS, Bootstrap, JavaScript, Vue.js, UI/UX Design",Frontend Developer
"HTML, CSS, Bootstrap, JavaScript, Vue.js, UI/UX Design",Frontend Developer
"Java, Spring Boot, Microservices, SQL, Docker, AWS, Git",Backend Engineer
"Python, SQL, Machine Learning, Data Visualization, Statistics, Pandas",Data Scientist
"SQL, Excel, Data Warehousing, ETL, Python, Dashboarding",Data Engineer
"Python, SQL, Machine Learning, Data Visualization, Statistics, Pandas",Data Scientist
"Python, SQL, Tableau, Excel, PowerBI, Data Analysis, Communication",Data Analyst
"HTML, CSS, JavaScript, React, Node.js, Web Development, Git",Web Developer
"HTML, CSS, Bootstrap, JavaScript, Vue.js, UI/UX Design",Frontend Developer
"HTML, CSS, Bootstrap, JavaScript, Vue.js, UI/UX Design",Frontend Developer
"Python, SQL, Tableau, Excel, PowerBI, Data Analysis, Communication",Data Analyst
"SQL, Excel, Data Warehousing, ETL, Python, Dashboarding",Data Engineer
"Cybersecurity, Networking, Ethical Hacking, Firewall, Linux, Wireshark",Cybersecurity Analyst
"HTML, CSS, JavaScript, React, Node.js, Web Development, Git",Web Developer
"Python, SQL, Tableau, Excel, PowerBI, Data Analysis, Communication",Data Analyst
"Python, SQL, Machine Learning, Data Visualization, Statistics, Pandas",Data Scientist
"HTML, CSS, JavaScript, React, Node.js, Web Development, Git",Web Developer
"Python, SQL, Machine Learning, Data Visualization, Statistics, Pandas",Data Scientist
"HTML, CSS, Bootstrap, JavaScript, Vue.js, UI/UX Design",Frontend Developer
"Java, Spring Boot, Microservices, SQL, Docker, AWS, Git",Backend Engineer
"Linux, AWS, Docker, Kubernetes, CI/CD, Jenkins, Shell Scripting",DevOps Engineer
"HTML, CSS, Bootstrap, JavaScript, Vue.js, UI/UX Design",Frontend Developer
"Python, Deep Learning, NLP, TensorFlow, Computer Vision, PyTorch",AI/ML Engineer
"SQL, Excel, Data Warehousing, ETL, Python, Dashboarding",Data Engineer
"Java, Kotlin, Android Studio, Mobile App Development, Firebase",Mobile App Developer
"Cybersecurity, Networking, Ethical Hacking, Firewall, Linux, Wireshark",Cybersecurity Analyst
"Linux, AWS, Docker, Kubernetes, CI/CD, Jenkins, Shell Scripting",DevOps Engineer
"Python, SQL, Tableau, Excel, PowerBI, Data Analysis, Communication",Data Analyst
"SQL, Excel, Data Warehousing, ETL, Python, Dashboarding",Data Engineer
"Python, SQL, Tableau, Excel, PowerBI, Data Analysis, Communication",Data Analyst
"Java, Spring Boot, Microservices, SQL, Docker, AWS, Git",Backend Engineer
"HTML, CSS, JavaScript, React, Node.js, Web Development, Git",Web Developer
"SQL, Excel, Data Warehousing, ETL, Python, Dashboarding",Data Engineer
"Python, Deep Learning, NLP, TensorFlow, Computer Vision, PyTorch",AI/ML Engineer
"SQL, Excel, Data Warehousing, ETL, Python, Dashboarding",Data Engineer
"Python, Deep Learning, NLP, TensorFlow, Computer Vision, PyTorch",AI/ML Engineer
"SQL, Excel, Data Warehousing, ETL, Python, Dashboarding",Data Engineer
"Java, Spring Boot, Microservices, SQL, Docker, AWS, Git",Backend Engineer
"HTML, CSS, Bootstrap, JavaScript, Vue.js, UI/UX Design",Frontend Developer
"Python, SQL, Tableau, Excel, PowerBI, Data Analysis, Communication",Data Analyst
"Java, Kotlin, Android Studio, Mobile App Development, Firebase",Mobile App Developer
"Python, Deep Learning, NLP, TensorFlow, Computer Vision, PyTorch",AI/ML Engineer
"Python, SQL, Machine Learning, Data Visualization, Statistics, Pandas",Data Scientist
"Python, SQL, Machine Learning, Data Visualization, Statistics, Pandas",Data Scientist
"Java, Kotlin, Android Studio, Mobile App Development, Firebase",Mobile App Developer
"Java, Kotlin, Android Studio, Mobile App Development, Firebase",Mobile App Developer
"Cybersecurity, Networking, Ethical Hacking, Firewall, Linux, Wireshark",Cybersecurity Analyst
"HTML, CSS, Bootstrap, JavaScript, Vue.js, UI/UX Design",Frontend Developer
"HTML, CSS, JavaScript, React, Node.js, Web Development, Git",Web Developer
"SQL, Excel, Data Warehousing, ETL, Python, Dashboarding",Data Engineer
"HTML, CSS, Bootstrap, JavaScript, Vue.js, UI/UX Design",Frontend Developer
"Python, SQL, Tableau, Excel, PowerBI, Data Analysis, Communication",Data Analyst
"Java, Kotlin, Android Studio, Mobile App Development, Firebase",Mobile App Developer
"HTML, CSS, Bootstrap, JavaScript, Vue.js, UI/UX Design",Frontend Developer
"HTML, CSS, Bootstrap, JavaScript, Vue.js, UI/UX Design",Frontend Developer
"Cybersecurity, Networking, Ethical Hacking, Firewall, Linux, Wireshark",Cybersecurity Analyst
"Java, Kotlin, Android Studio, Mobile App Development, Firebase",Mobile App Developer
"Linux, AWS, Docker, Kubernetes, CI/CD, Jenkins, Shell Scripting",DevOps Engineer
"Python, Deep Learning, NLP, TensorFlow, Computer Vision, PyTorch",AI/ML Engineer
"Python, SQL, Tableau, Excel, PowerBI, Data Analysis, Communication",Data Analyst
"HTML, CSS, JavaScript, React, Node.js, Web Development, Git",Web Developer
"Linux, AWS, Docker, Kubernetes, CI/CD, Jenkins, Shell Scripting",DevOps Engineer
"Cybersecurity, Networking, Ethical Hacking, Firewall, Linux, Wireshark",Cybersecurity Analyst
"Python, SQL, Machine Learning, Data Visualization, Statistics, Pandas",Data Scientist
"Python, Deep Learning, NLP, TensorFlow, Computer Vision, PyTorch",AI/ML Engineer
"Linux, AWS, Docker, Kubernetes, CI/CD, Jenkins, Shell Scripting",DevOps Engineer
"Python, Deep Learning, NLP, TensorFlow, Computer Vision, PyTorch",AI/ML Engineer
"Linux, AWS, Docker, Kubernetes, CI/CD, Jenkins, Shell Scripting",DevOps Engineer
"HTML, CSS, JavaScript, React, Node.js, Web Development, Git",Web Developer
"Python, Deep Learning, NLP, TensorFlow, Computer Vision, PyTorch",AI/ML Engineer
"HTML, CSS, Bootstrap, JavaScript, Vue.js, UI/UX Design",Frontend Developer
"Python, SQL, Machine Learning, Data Visualization, Statistics, Pandas",Data Scientist
"Java, Kotlin, Android Studio, Mobile App Development, Firebase",Mobile App Developer
"Python, SQL, Tableau, Excel, PowerBI, Data Analysis, Communication",Data Analyst
"Python, Deep Learning, NLP, TensorFlow, Computer Vision, PyTorch",AI/ML Engineer
"Python, SQL, Machine Learning, Data Visualization, Statistics, Pandas",Data Scientist
"Java, Spring Boot, Microservices, SQL, Docker, AWS, Git",Backend Engineer
"Cybersecurity, Networking, Ethical Hacking, Firewall, Linux, Wireshark",Cybersecurity Analyst
"Java, Kotlin, Android Studio, Mobile App Development, Firebase",Mobile App Developer
"Python, Deep Learning, NLP, TensorFlow, Computer Vision, PyTorch",AI/ML Engineer
"Java, Spring Boot, Microservices, SQL, Docker, AWS, Git",Backend Engineer
"Java, Spring Boot, Microservices, SQL, Docker, AWS, Git",Backend Engineer
"HTML, CSS, Bootstrap, JavaScript, Vue.js, UI/UX Design",Frontend Developer
"HTML, CSS, Bootstrap, JavaScript, Vue.js, UI/UX Design",Frontend Developer
"Python, SQL, Tableau, Excel, PowerBI, Data Analysis, Communication",Data Analyst
"Python, Deep Learning, NLP, TensorFlow, Computer Vision, PyTorch",AI/ML Engineer
"Python, Deep Learning, NLP, TensorFlow, Computer Vision, PyTorch",AI/ML Engineer
"Python, SQL, Tableau, Excel, PowerBI, Data Analysis, Communication",Data Analyst
"Cybersecurity, Networking, Ethical Hacking, Firewall, Linux, Wireshark",Cybersecurity Analyst
"Java, Kotlin, Android Studio, Mobile App Development, Firebase",Mobile App Developer
"Linux, AWS, Docker, Kubernetes, CI/CD, Jenkins, Shell Scripting",DevOps Engineer
"Java, Kotlin, Android Studio, Mobile App Development, Firebase",Mobile App Developer
"Java, Kotlin, Android Studio, Mobile App Development, Firebase",Mobile App Developer
"Python, SQL, Machine Learning, Data Visualization, Statistics, Pandas",Data Scientist
"Cybersecurity, Networking, Ethical Hacking, Firewall, Linux, Wireshark",Cybersecurity Analyst
"Python, SQL, Machine Learning, Data Visualization, Statistics, Pandas",Data Scientist
"Cybersecurity, Networking, Ethical Hacking, Firewall, Linux, Wireshark",Cybersecurity Analyst
"Python, Deep Learning, NLP, TensorFlow, Computer Vision, PyTorch",AI/ML Engineer
"Linux, AWS, Docker, Kubernetes, CI/CD, Jenkins, Shell Scripting",DevOps Engineer
"Cybersecurity, Networking, Ethical Hacking, Firewall, Linux, Wireshark",Cybersecurity Analyst
"Python, Deep Learning, NLP, TensorFlow, Computer Vision, PyTorch",AI/ML Engineer
"Python, SQL, Tableau, Excel, PowerBI, Data Analysis, Communication",Data Analyst
"Linux, AWS, Docker, Kubernetes, CI/CD, Jenkins, Shell Scripting",DevOps Engineer
"Java, Spring Boot, Microservices, SQL, Docker, AWS, Git",Backend Engineer
"Linux, AWS, Docker, Kubernetes, CI/CD, Jenkins, Shell Scripting",DevOps Engineer
"SQL, Excel, Data Warehousing, ETL, Python, Dashboarding",Data Engineer
"SQL, Excel, Data Warehousing, ETL, Python, Dashboarding",Data Engineer
"Cybersecurity, Networking, Ethical Hacking, Firewall, Linux, Wireshark",Cybersecurity Analyst
"Linux, AWS, Docker, Kubernetes, CI/CD, Jenkins, Shell Scripting",DevOps Engineer
"Linux, AWS, Docker, Kubernetes, CI/CD, Jenkins, Shell Scripting",DevOps Engineer
"Cybersecurity, Networking, Ethical Hacking, Firewall, Linux, Wireshark",Cybersecurity Analyst
"SQL, Excel, Data Warehousing, ETL, Python, Dashboarding",Data Engineer
"Cybersecurity, Networking, Ethical Hacking, Firewall, Linux, Wireshark",Cybersecurity Analyst
"HTML, CSS, JavaScript, React, Node.js, Web Development, Git",Web Developer
"Cybersecurity, Networking, Ethical Hacking, Firewall, Linux, Wireshark",Cybersecurity Analyst
"SQL, Excel, Data Warehousing, ETL, Python, Dashboarding",Data Engineer
"SQL, Excel, Data Warehousing, ETL, Python, Dashboarding",Data Engineer
"Python, SQL, Machine Learning, Data Visualization, Statistics, Pandas",Data Scientist
"SQL, Excel, Data Warehousing, ETL, Python, Dashboarding",Data Engineer
"Java, Kotlin, Android Studio, Mobile App Development, Firebase",Mobile App Developer
"Java, Kotlin, Android Studio, Mobile App Development, Firebase",Mobile App Developer
"Python, SQL, Machine Learning, Data Visualization, Statistics, Pandas",Data Scientist
"HTML, CSS, Bootstrap, JavaScript, Vue.js, UI/UX Design",Frontend Developer
"Python, SQL, Tableau, Excel, PowerBI, Data Analysis, Communication",Data Analyst
"Linux, AWS, Docker, Kubernetes, CI/CD, Jenkins, Shell Scripting",DevOps Engineer
"Cybersecurity, Networking, Ethical Hacking, Firewall, Linux, Wireshark",Cybersecurity Analyst
"Python, SQL, Machine Learning, Data Visualization, Statistics, Pandas",Data Scientist
"Python, SQL, Machine Learning, Data Visualization, Statistics, Pandas",Data Scientist
"Python, SQL, Tableau, Excel, PowerBI, Data Analysis, Communication",Data Analyst
"HTML, CSS, JavaScript, React, Node.js, Web Development, Git",Web Developer
"Java, Kotlin, Android Studio, Mobile App Development, Firebase",Mobile App Developer
"Linux, AWS, Docker, Kubernetes, CI/CD, Jenkins, Shell Scripting",DevOps Engineer
"HTML, CSS, Bootstrap, JavaScript, Vue.js, UI/UX Design",Frontend Developer
"Cybersecurity, Networking, Ethical Hacking, Firewall, Linux, Wireshark",Cybersecurity Analyst
"SQL, Excel, Data Warehousing, ETL, Python, Dashboarding",Data Engineer
"Linux, AWS, Docker, Kubernetes, CI/CD, Jenkins, Shell Scripting",DevOps Engineer
"Java, Kotlin, Android Studio, Mobile App Development, Firebase",Mobile App Developer
"HTML, CSS, Bootstrap, JavaScript, Vue.js, UI/UX Design",Frontend Developer
"SQL, Excel, Data Warehousing, ETL, Python, Dashboarding",Data Engineer
"SQL, Excel, Data Warehousing, ETL, Python, Dashboarding",Data Engineer
"Java, Spring Boot, Microservices, SQL, Docker, AWS, Git",Backend Engineer
"HTML, CSS, Bootstrap, JavaScript, Vue.js, UI/UX Design",Frontend Developer
"HTML, CSS, Bootstrap, JavaScript, Vue.js, UI/UX Design",Frontend Developer
"HTML, CSS, Bootstrap, JavaScript, Vue.js, UI/UX Design",Frontend Developer
"Python, SQL, Tableau, Excel, PowerBI, Data Analysis, Communication",Data Analyst
"Java, Kotlin, Android Studio, Mobile App Development, Firebase",Mobile App Developer
"SQL, Excel, Data Warehousing, ETL, Python, Dashboarding",Data Engineer
"Python, SQL, Tableau, Excel, PowerBI, Data Analysis, Communication",Data Analyst
"Cybersecurity, Networking, Ethical Hacking, Firewall, Linux, Wireshark",Cybersecurity Analyst
"Java, Spring Boot, Microservices, SQL, Docker, AWS, Git",Backend Engineer
"HTML, CSS, Bootstrap, JavaScript, Vue.js, UI/UX Design",Frontend Developer
"HTML, CSS, Bootstrap, JavaScript, Vue.js, UI/UX Design",Frontend Developer
"Java, Spring Boot, Microservices, SQL, Docker, AWS, Git",Backend Engineer
"Python, SQL, Tableau, Excel, PowerBI, Data Analysis, Communication",Data Analyst
"Java, Spring Boot, Microservices, SQL, Docker, AWS, Git",Backend Engineer
"SQL, Excel, Data Warehousing, ETL, Python, Dashboarding",Data Engineer
"Python, Deep Learning, NLP, TensorFlow, Computer Vision, PyTorch",AI/ML Engineer
"Java, Kotlin, Android Studio, Mobile App Development, Firebase",Mobile App Developer
"HTML, CSS, JavaScript, React, Node.js, Web Development, Git",Web Developer
"SQL, Excel, Data Warehousing, ETL, Python, Dashboarding",Data Engineer
"Python, Deep Learning, NLP, TensorFlow, Computer Vision, PyTorch",AI/ML Engineer
"Linux, AWS, Docker, Kubernetes, CI/CD, Jenkins, Shell Scripting",DevOps Engineer
"Python, Deep Learning, NLP, TensorFlow, Computer Vision, PyTorch",AI/ML Engineer
"Java, Spring Boot, Microservices, SQL, Docker, AWS, Git",Backend Engineer
"Python, SQL, Tableau, Excel, PowerBI, Data Analysis, Communication",Data Analyst
"Java, Kotlin, Android Studio, Mobile App Development, Firebase",Mobile App Developer
"Cybersecurity, Networking, Ethical Hacking, Firewall, Linux, Wireshark",Cybersecurity Analyst
"Cybersecurity, Networking, Ethical Hacking, Firewall, Linux, Wireshark",Cybersecurity Analyst
"Python, SQL, Machine Learning, Data Visualization, Statistics, Pandas",Data Scientist
"Cybersecurity, Networking, Ethical Hacking, Firewall, Linux, Wireshark",Cybersecurity Analyst
"Linux, AWS, Docker, Kubernetes, CI/CD, Jenkins, Shell Scripting",DevOps Engineer
"SQL, Excel, Data Warehousing, ETL, Python, Dashboarding",Data Engineer
"HTML, CSS, JavaScript, React, Node.js, Web Development, Git",Web Developer
"Python, Deep Learning, NLP, TensorFlow, Computer Vision, PyTorch",AI/ML Engineer
"Linux, AWS, Docker, Kubernetes, CI/CD, Jenkins, Shell Scripting",DevOps Engineer
"SQL, Excel, Data Warehousing, ETL, Python, Dashboarding",Data Engineer
"Python, SQL, Machine Learning, Data Visualization, Statistics, Pandas",Data Scientist
"Java, Spring Boot, Microservices, SQL, Docker, AWS, Git",Backend Engineer
"Cybersecurity, Networking, Ethical Hacking, Firewall, Linux, Wireshark",Cybersecurity Analyst
"HTML, CSS, Bootstrap, JavaScript, Vue.js, UI/UX Design",Frontend Developer
"Java, Spring Boot, Microservices, SQL, Docker, AWS, Git",Backend Engineer
"HTML, CSS, Bootstrap, JavaScript, Vue.js, UI/UX Design",Frontend Developer
"HTML, CSS, JavaScript, React, Node.js, Web Development, Git",Web Developer
"Java, Spring Boot, Microservices, SQL, Docker, AWS, Git",Backend Engineer
"Python, SQL, Tableau, Excel, PowerBI, Data Analysis, Communication",Data Analyst
"HTML, CSS, JavaScript, React, Node.js, Web Development, Git",Web Developer
"Linux, AWS, Docker, Kubernetes, CI/CD, Jenkins, Shell Scripting",DevOps Engineer
"SQL, Excel, Data Warehousing, ETL, Python, Dashboarding",Data Engineer
"HTML, CSS, Bootstrap, JavaScript, Vue.js, UI/UX Design",Frontend Developer
"Java, Kotlin, Android Studio, Mobile App Development, Firebase",Mobile App Developer
"Java, Spring Boot, Microservices, SQL, Docker, AWS, Git",Backend Engineer
"Python, Deep Learning, NLP, TensorFlow, Computer Vision, PyTorch",AI/ML Engineer
"Python, SQL, Machine Learning, Data Visualization, Statistics, Pandas",Data Scientist
"Cybersecurity, Networking, Ethical Hacking, Firewall, Linux, Wireshark",Cybersecurity Analyst
"Linux, AWS, Docker, Kubernetes, CI/CD, Jenkins, Shell Scripting",DevOps Engineer
"Java, Spring Boot, Microservices, SQL, Docker, AWS, Git",Backend Engineer
"HTML, CSS, Bootstrap, JavaScript, Vue.js, UI/UX Design",Frontend Developer
"HTML, CSS, Bootstrap, JavaScript, Vue.js, UI/UX Design",Frontend Developer
"Python, Deep Learning, NLP, TensorFlow, Computer Vision, PyTorch",AI/ML Engineer
"HTML, CSS, JavaScript, React, Node.js, Web Development, Git",Web Developer
"HTML, CSS, Bootstrap, JavaScript, Vue.js, UI/UX Design",Frontend Developer
"Python, SQL, Machine Learning, Data Visualization, Statistics, Pandas",Data Scientist
"Python, Deep Learning, NLP, TensorFlow, Computer Vision, PyTorch",AI/ML Engineer
"Python, SQL, Tableau, Excel, PowerBI, Data Analysis, Communication",Data Analyst
"Java, Spring Boot, Microservices, SQL, Docker, AWS, Git",Backend Engineer
"Linux, AWS, Docker, Kubernetes, CI/CD, Jenkins, Shell Scripting",DevOps Engineer
"Python, SQL, Machine Learning, Data Visualization, Statistics, Pandas",Data Scientist
"Python, Deep Learning, NLP, TensorFlow, Computer Vision, PyTorch",AI/ML Engineer
"Python, SQL, Tableau, Excel, PowerBI, Data Analysis, Communication",Data Analyst
"Python, Deep Learning, NLP, TensorFlow, Computer Vision, PyTorch",AI/ML Engineer
"Java, Spring Boot, Microservices, SQL, Docker, AWS, Git",Backend Engineer
"SQL, Excel, Data Warehousing, ETL, Python, Dashboarding",Data Engineer
"Python, SQL, Tableau, Excel, PowerBI, Data Analysis, Communication",Data Analyst
"Cybersecurity, Networking, Ethical Hacking, Firewall, Linux, Wireshark",Cybersecurity Analyst
"Java, Spring Boot, Microservices, SQL, Docker, AWS, Git",Backend Engineer
"Python, Deep Learning, NLP, TensorFlow, Computer Vision, PyTorch",AI/ML Engineer
"Java, Kotlin, Android Studio, Mobile App Development, Firebase",Mobile App Developer
"Python, SQL, Machine Learning, Data Visualization, Statistics, Pandas",Data Scientist
"Java, Spring Boot, Microservices, SQL, Docker, AWS, Git",Backend Engineer
"Java, Kotlin, Android Studio, Mobile App Development, Firebase",Mobile App Developer
"Java, Spring Boot, Microservices, SQL, Docker, AWS, Git",Backend Engineer
"HTML, CSS, JavaScript, React, Node.js, Web Development, Git",Web Developer
"Python, Deep Learning, NLP, TensorFlow, Computer Vision, PyTorch",AI/ML Engineer
"HTML, CSS, JavaScript, React, Node.js, Web Development, Git",Web Developer
"Python, SQL, Machine Learning, Data Visualization, Statistics, Pandas",Data Scientist
"Linux, AWS, Docker, Kubernetes, CI/CD, Jenkins, Shell Scripting",DevOps Engineer
"Java, Kotlin, Android Studio, Mobile App Development, Firebase",Mobile App Developer
"Java, Kotlin, Android Studio, Mobile App Development, Firebase",Mobile App Developer
"HTML, CSS, JavaScript, React, Node.js, Web Development, Git",Web Developer
"Java, Kotlin, Android Studio, Mobile App Development, Firebase",Mobile App Developer
"HTML, CSS, JavaScript, React, Node.js, Web Development, Git",Web Developer
"SQL, Excel, Data Warehousing, ETL, Python, Dashboarding",Data Engineer
"Java, Spring Boot, Microservices, SQL, Docker, AWS, Git",Backend Engineer
"Linux, AWS, Docker, Kubernetes, CI/CD, Jenkins, Shell Scripting",DevOps Engineer
"Java, Spring Boot, Microservices, SQL, Docker, AWS, Git",Backend Engineer
"Linux, AWS, Docker, Kubernetes, CI/CD, Jenkins, Shell Scripting",DevOps Engineer
"SQL, Excel, Data Warehousing, ETL, Python, Dashboarding",Data Engineer
"Java, Kotlin, Android Studio, Mobile App Development, Firebase",Mobile App Developer
"Python, SQL, Machine Learning, Data Visualization, Statistics, Pandas",Data Scientist
"SQL, Excel, Data Warehousing, ETL, Python, Dashboarding",Data Engineer
"Cybersecurity, Networking, Ethical Hacking, Firewall, Linux, Wireshark",Cybersecurity Analyst
"Python, SQL, Tableau, Excel, PowerBI, Data Analysis, Communication",Data Analyst
"HTML, CSS, JavaScript, React, Node.js, Web Development, Git",Web Developer
"Java, Kotlin, Android Studio, Mobile App Development, Firebase",Mobile App Developer
"Java, Spring Boot, Microservices, SQL, Docker, AWS, Git",Backend Engineer
"Python, Deep Learning, NLP, TensorFlow, Computer Vision, PyTorch",AI/ML Engineer
"HTML, CSS, JavaScript, React, Node.js, Web Development, Git",Web Developer
"HTML, CSS, Bootstrap, JavaScript, Vue.js, UI/UX Design",Frontend Developer
"Java, Spring Boot, Microservices, SQL, Docker, AWS, Git",Backend Engineer
"HTML, CSS, Bootstrap, JavaScript, Vue.js, UI/UX Design",Frontend Developer
"HTML, CSS, Bootstrap, JavaScript, Vue.js, UI/UX Design",Frontend Developer
"Python, SQL, Machine Learning, Data Visualization, Statistics, Pandas",Data Scientist
"SQL, Excel, Data Warehousing, ETL, Python, Dashboarding",Data Engineer
"HTML, CSS, Bootstrap, JavaScript, Vue.js, UI/UX Design",Frontend Developer
"Linux, AWS, Docker, Kubernetes, CI/CD, Jenkins, Shell Scripting",DevOps Engineer
"Python, SQL, Machine Learning, Data Visualization, Statistics, Pandas",Data Scientist
"Python, SQL, Machine Learning, Data Visualization, Statistics, Pandas",Data Scientist
"Java, Kotlin, Android Studio, Mobile App Development, Firebase",Mobile App Developer
"Java, Spring Boot, Microservices, SQL, Docker, AWS, Git",Backend Engineer
"Python, Deep Learning, NLP, TensorFlow, Computer Vision, PyTorch",AI/ML Engineer
"Java, Kotlin, Android Studio, Mobile App Development, Firebase",Mobile App Developer
"Java, Spring Boot, Microservices, SQL, Docker, AWS, Git",Backend Engineer
"Python, Deep Learning, NLP, TensorFlow, Computer Vision, PyTorch",AI/ML Engineer
"Java, Kotlin, Android Studio, Mobile App Development, Firebase",Mobile App Developer
"SQL, Excel, Data Warehousing, ETL, Python, Dashboarding",Data Engineer
"Java, Kotlin, Android Studio, Mobile App Development, Firebase",Mobile App Developer
"SQL, Excel, Data Warehousing, ETL, Python, Dashboarding",Data Engineer
"Python, SQL, Tableau, Excel, PowerBI, Data Analysis, Communication",Data Analyst
"Linux, AWS, Docker, Kubernetes, CI/CD, Jenkins, Shell Scripting",DevOps Engineer
"Python, SQL, Machine Learning, Data Visualization, Statistics, Pandas",Data Scientist
"Linux, AWS, Docker, Kubernetes, CI/CD, Jenkins, Shell Scripting",DevOps Engineer
"SQL, Excel, Data Warehousing, ETL, Python, Dashboarding",Data Engineer
"Python, SQL, Machine Learning, Data Visualization, Statistics, Pandas",Data Scientist
"Cybersecurity, Networking, Ethical Hacking, Firewall, Linux, Wireshark",Cybersecurity Analyst
"Java, Kotlin, Android Studio, Mobile App Development, Firebase",Mobile App Developer
"Python, SQL, Tableau, Excel, PowerBI, Data Analysis, Communication",Data Analyst
"SQL, Excel, Data Warehousing, ETL, Python, Dashboarding",Data Engineer
"Cybersecurity, Networking, Ethical Hacking, Firewall, Linux, Wireshark",Cybersecurity Analyst
"Linux, AWS, Docker, Kubernetes, CI/CD, Jenkins, Shell Scripting",DevOps Engineer
"Python, SQL, Machine Learning, Data Visualization, Statistics, Pandas",Data Scientist
"HTML, CSS, Bootstrap, JavaScript, Vue.js, UI/UX Design",Frontend Developer
"SQL, Excel, Data Warehousing, ETL, Python, Dashboarding",Data Engineer
"HTML, CSS, Bootstrap, JavaScript, Vue.js, UI/UX Design",Frontend Developer
"Java, Spring Boot, Microservices, SQL, Docker, AWS, Git",Backend Engineer
"Python, Deep Learning, NLP, TensorFlow, Computer Vision, PyTorch",AI/ML Engineer
"HTML, CSS, Bootstrap, JavaScript, Vue.js, UI/UX Design",Frontend Developer
"HTML, CSS, JavaScript, React, Node.js, Web Development, Git",Web Developer
"Java, Kotlin, Android Studio, Mobile App Development, Firebase",Mobile App Developer
"SQL, Excel, Data Warehousing, ETL, Python, Dashboarding",Data Engineer
"Python, SQL, Tableau, Excel, PowerBI, Data Analysis, Communication",Data Analyst
"Python, SQL, Machine Learning, Data Visualization, Statistics, Pandas",Data Scientist
"Cybersecurity, Networking, Ethical Hacking, Firewall, Linux, Wireshark",Cybersecurity Analyst
"HTML, CSS, JavaScript, React, Node.js, Web Development, Git",Web Developer
"HTML, CSS, JavaScript, React, Node.js, Web Development, Git",Web Developer
"Python, SQL, Tableau, Excel, PowerBI, Data Analysis, Communication",Data Analyst
"HTML, CSS, Bootstrap, JavaScript, Vue.js, UI/UX Design",Frontend Developer
"HTML, CSS, JavaScript, React, Node.js, Web Development, Git",Web Developer
"Python, SQL, Machine Learning, Data Visualization, Statistics, Pandas",Data Scientist
"Cybersecurity, Networking, Ethical Hacking, Firewall, Linux, Wireshark",Cybersecurity Analyst
"Cybersecurity, Networking, Ethical Hacking, Firewall, Linux, Wireshark",Cybersecurity Analyst
"Python, Deep Learning, NLP, TensorFlow, Computer Vision, PyTorch",AI/ML Engineer
"Python, SQL, Tableau, Excel, PowerBI, Data Analysis, Communication",Data Analyst
"Cybersecurity, Networking, Ethical Hacking, Firewall, Linux, Wireshark",Cybersecurity Analyst
"HTML, CSS, JavaScript, React, Node.js, Web Development, Git",Web Developer
"HTML, CSS, JavaScript, React, Node.js, Web Development, Git",Web Developer
"Java, Spring Boot, Microservices, SQL, Docker, AWS, Git",Backend Engineer
"Cybersecurity, Networking, Ethical Hacking, Firewall, Linux, Wireshark",Cybersecurity Analyst
"Cybersecurity, Networking, Ethical Hacking, Firewall, Linux, Wireshark",Cybersecurity Analyst
"Python, SQL, Machine Learning, Data Visualization, Statistics, Pandas",Data Scientist
"Python, Deep Learning, NLP, TensorFlow, Computer Vision, PyTorch",AI/ML Engineer
"Linux, AWS, Docker, Kubernetes, CI/CD, Jenkins, Shell Scripting",DevOps Engineer
"Python, SQL, Tableau, Excel, PowerBI, Data Analysis, Communication",Data Analyst
"HTML, CSS, Bootstrap, JavaScript, Vue.js, UI/UX Design",Frontend Developer
"SQL, Excel, Data Warehousing, ETL, Python, Dashboarding",Data Engineer
"HTML, CSS, JavaScript, React, Node.js, Web Development, Git",Web Developer
"Cybersecurity, Networking, Ethical Hacking, Firewall, Linux, Wireshark",Cybersecurity Analyst
"Python, SQL, Tableau, Excel, PowerBI, Data Analysis, Communication",Data Analyst
"Java, Spring Boot, Microservices, SQL, Docker, AWS, Git",Backend Engineer
"Python, Deep Learning, NLP, TensorFlow, Computer Vision, PyTorch",AI/ML Engineer
"Linux, AWS, Docker, Kubernetes, CI/CD, Jenkins, Shell Scripting",DevOps Engineer
"HTML, CSS, JavaScript, React, Node.js, Web Development, Git",Web Developer
"Python, SQL, Tableau, Excel, PowerBI, Data Analysis, Communication",Data Analyst
"Python, Deep Learning, NLP, TensorFlow, Computer Vision, PyTorch",AI/ML Engineer
"Java, Kotlin, Android Studio, Mobile App Development, Firebase",Mobile App Developer
"HTML, CSS, Bootstrap, JavaScript, Vue.js, UI/UX Design",Frontend Developer
"Python, SQL, Tableau, Excel, PowerBI, Data Analysis, Communication",Data Analyst
"SQL, Excel, Data Warehousing, ETL, Python, Dashboarding",Data Engineer
"Java, Kotlin, Android Studio, Mobile App Development, Firebase",Mobile App Developer
"Java, Spring Boot, Microservices, SQL, Docker, AWS, Git",Backend Engineer
"Linux, AWS, Docker, Kubernetes, CI/CD, Jenkins, Shell Scripting",DevOps Engineer
"SQL, Excel, Data Warehousing, ETL, Python, Dashboarding",Data Engineer
"Python, SQL, Machine Learning, Data Visualization, Statistics, Pandas",Data Scientist
"Cybersecurity, Networking, Ethical Hacking, Firewall, Linux, Wireshark",Cybersecurity Analyst
"Python, SQL, Tableau, Excel, PowerBI, Data Analysis, Communication",Data Analyst
"Linux, AWS, Docker, Kubernetes, CI/CD, Jenkins, Shell Scripting",DevOps Engineer
"Python, SQL, Tableau, Excel, PowerBI, Data Analysis, Communication",Data Analyst
"Python, SQL, Machine Learning, Data Visualization, Statistics, Pandas",Data Scientist
"SQL, Excel, Data Warehousing, ETL, Python, Dashboarding",Data Engineer
"Linux, AWS, Docker, Kubernetes, CI/CD, Jenkins, Shell Scripting",DevOps Engineer
"Python, Deep Learning, NLP, TensorFlow, Computer Vision, PyTorch",AI/ML Engineer
"Cybersecurity, Networking, Ethical Hacking, Firewall, Linux, Wireshark",Cybersecurity Analyst
"SQL, Excel, Data Warehousing, ETL, Python, Dashboarding",Data Engineer
"HTML, CSS, Bootstrap, JavaScript, Vue.js, UI/UX Design",Frontend Developer
"Cybersecurity, Networking, Ethical Hacking, Firewall, Linux, Wireshark",Cybersecurity Analyst
"Java, Kotlin, Android Studio, Mobile App Development, Firebase",Mobile App Developer
"Java, Kotlin, Android Studio, Mobile App Development, Firebase",Mobile App Developer
"Linux, AWS, Docker, Kubernetes, CI/CD, Jenkins, Shell Scripting",DevOps Engineer
"Python, Deep Learning, NLP, TensorFlow, Computer Vision, PyTorch",AI/ML Engineer
"Java, Spring Boot, Microservices, SQL, Docker, AWS, Git",Backend Engineer
"HTML, CSS, JavaScript, React, Node.js, Web Development, Git",Web Developer
"Python, SQL, Tableau, Excel, PowerBI, Data Analysis, Communication",Data Analyst
"Cybersecurity, Networking, Ethical Hacking, Firewall, Linux, Wireshark",Cybersecurity Analyst
"Python, SQL, Machine Learning, Data Visualization, Statistics, Pandas",Data Scientist
"SQL, Excel, Data Warehousing, ETL, Python, Dashboarding",Data Engineer
"Python, SQL, Tableau, Excel, PowerBI, Data Analysis, Communication",Data Analyst
"HTML, CSS, JavaScript, React, Node.js, Web Development, Git",Web Developer
"Python, Deep Learning, NLP, TensorFlow, Computer Vision, PyTorch",AI/ML Engineer
"Python, SQL, Tableau, Excel, PowerBI, Data Analysis, Communication",Data Analyst
"Python, SQL, Tableau, Excel, PowerBI, Data Analysis, Communication",Data Analyst
"Python, SQL, Tableau, Excel, PowerBI, Data Analysis, Communication",Data Analyst
"HTML, CSS, Bootstrap, JavaScript, Vue.js, UI/UX Design",Frontend Developer
"Java, Kotlin, Android Studio, Mobile App Development, Firebase",Mobile App Developer
"Cybersecurity, Networking, Ethical Hacking, Firewall, Linux, Wireshark",Cybersecurity Analyst
"Python, SQL, Machine Learning, Data Visualization, Statistics, Pandas",Data Scientist
"HTML, CSS, JavaScript, React, Node.js, Web Development, Git",Web Developer
"Cybersecurity, Networking, Ethical Hacking, Firewall, Linux, Wireshark",Cybersecurity Analyst
"Cybersecurity, Networking, Ethical Hacking, Firewall, Linux, Wireshark",Cybersecurity Analyst
"Java, Spring Boot, Microservices, SQL, Docker, AWS, Git",Backend Engineer
"HTML, CSS, Bootstrap, JavaScript, Vue.js, UI/UX Design",Frontend Developer
"Java, Kotlin, Android Studio, Mobile App Development, Firebase",Mobile App Developer
"Python, SQL, Machine Learning, Data Visualization, Statistics, Pandas",Data Scientist
"Linux, AWS, Docker, Kubernetes, CI/CD, Jenkins, Shell Scripting",DevOps Engineer
"SQL, Excel, Data Warehousing, ETL, Python, Dashboarding",Data Engineer
"HTML, CSS, JavaScript, React, Node.js, Web Development, Git",Web Developer
"Cybersecurity, Networking, Ethical Hacking, Firewall, Linux, Wireshark",Cybersecurity Analyst
"Python, SQL, Machine Learning, Data Visualization, Statistics, Pandas",Data Scientist
"Java, Kotlin, Android Studio, Mobile App Development, Firebase",Mobile App Developer
"HTML, CSS, JavaScript, React, Node.js, Web Development, Git",Web Developer
"SQL, Excel, Data Warehousing, ETL, Python, Dashboarding",Data Engineer
"Python, SQL, Machine Learning, Data Visualization, Statistics, Pandas",Data Scientist
"Java, Kotlin, Android Studio, Mobile App Development, Firebase",Mobile App Developer
"Python, Deep Learning, NLP, TensorFlow, Computer Vision, PyTorch",AI/ML Engineer
"Java, Spring Boot, Microservices, SQL, Docker, AWS, Git",Backend Engineer
